{
  "books": [
    {
      "id": 1,
      "title": "Steve Jobs",
      "author": "Walter Isaacson",
      "time": "20",
      "category": "Entrepreneurship",
      "image": "https://images.blinkist.com/images/books/608a9c296cee070007228a21/1_1/470.jpg",
      "status": "current"
    },
    {
      "id": 2,
      "title": "Dropshipping",
      "author": "James Moore",
      "time": "20",
      "category": "Entrepreneurship",
      "image": "https://images.blinkist.com/images/books/60701b716cee070008b8b7a1/1_1/470.jpg",
      "status": "finished"
    },
    {
      "id": 3,
      "title": "The Bully Pulpit",
      "author": "Goodwin",
      "time": "19",
      "category": "Politics",
      "image": "https://images.blinkist.com/images/books/608aa9b16cee070007228a70/1_1/250.jpg",
      "status": "finished"
    },
    {
      "id": 4,
      "title": "Genesis",
      "author": "Guido Tonelli",
      "time": "12",
      "category": "Science",
      "image": "https://images.blinkist.com/images/books/608bcaf36cee07000722912e/1_1/470.jpg",
      "status": "finished"
    },
    {
      "id": 5,
      "title": "Exercised",
      "author": "Daniel E. Lieberman",
      "time": "13",
      "category": "Science",
      "image": "https://images.blinkist.com/images/books/60507e296cee070007c4dc7e/1_1/470.jpg",
      "status": "current"
    },
    {
      "id": 6,
      "title": "Forest Bathing",
      "author": "Qing Li",
      "time": "12",
      "category": "Health",
      "image": "https://images.blinkist.com/images/books/60950a3c6cee070007151f86/1_1/470.jpg",
      "status": "explore"
    },
    {
      "id": 7,
      "title": "The Pegan Diet",
      "author": "Dr. Mark Hyman",
      "time": "15",
      "category": "Health",
      "image": "https://images.blinkist.com/images/books/607d9d2c6cee070007991263/1_1/470.jpg",
      "status": "explore"
    },
    {
      "id": 8,
      "title": "Hyper-Learning",
      "author": "Edward D.Hess",
      "time": "13",
      "category": "Education",
      "image": "https://images.blinkist.com/images/books/609155fc6cee070007ccb3ad/1_1/470.jpg",
      "status": "finished"
    },
    {
      "id": 9,
      "title": "Knowledge",
      "author": "Jennifer Nagel",
      "time": "15",
      "category": "Education",
      "image": "https://images.blinkist.com/images/books/5fdc62ce6cee070007f858bd/1_1/470.jpg",
      "status": "current"
    },
    {
      "id": 10,
      "title": "Grasp",
      "author": "Sanjay Sarma",
      "time": "12",
      "category": "Education",
      "image": "https://images.blinkist.com/images/books/5fb78f9d6cee070006e48e60/1_1/470.jpg",
      "status": "current"
    },
    {
      "id": 11,
      "title": "Get Better",
      "author": "Todd Davis",
      "time": "18",
      "category": "Communcation skills",
      "image": "https://images.blinkist.com/images/books/608a764b6cee070007228924/1_1/470.jpg",
      "status": "explore"
    },
    {
      "id": 12,
      "title": "Let's Talk",
      "author": "Therese Huston",
      "time": "13",
      "category": "Communcation skills",
      "image": "https://images.blinkist.com/images/books/60547aca6cee0700076902e8/1_1/470.jpg",
      "status": "explore"
    },
    {
      "id": 13,
      "title": "The Motivation Myth",
      "author": "Jeff Haden",
      "time": "13",
      "category": "Motivation",
      "image": "https://images.blinkist.com/images/books/6082d1516cee0700072c7da1/1_1/470.jpg",
      "status": "explore"
    },
    {
      "id": 14,
      "title": "That Sounds Fun",
      "author": "Annie F. Downs",
      "time": "10",
      "category": "Motivation",
      "image": "https://images.blinkist.com/images/books/60701c7f6cee070007aad5a9/1_1/470.jpg",
      "status": "explore"
    },
    {
      "title": "Fear",
      "author": "Bob Woodward",
      "category": "Politics",
      "time": "15",
      "image": "https://images.blinkist.com/images/books/609901436cee0700077e6675/1_1/470.jpg",
      "status": "current",
      "id": 15
    },
    {
      "title": "Flash Crash",
      "author": "Liam Vaughan",
      "category": "Economics",
      "time": "12",
      "image": "https://images.blinkist.com/images/books/600187c36cee0700069e4cef/1_1/470.jpg",
      "status": "explore",
      "id": 16
    },
    {
      "title": "Post Corona",
      "author": "Scoot Galloway",
      "category": "Economics",
      "time": "12",
      "image": "https://images.blinkist.com/images/books/6007f93c6cee070007a81d3f/1_1/250.jpg",
      "status": "explore",
      "id": 17
    },
    {
      "title": "Fault Lines",
      "author": "Karl Pillemer",
      "category": "Relationships",
      "image": "https://images.blinkist.com/images/books/60645e806cee070007b3bc0a/1_1/470.jpg",
      "time": "15",
      "status": "explore",
      "id": 18
    },
    {
      "title": "Flash Crash",
      "author": "Liam Vaughan",
      "category": "Economics",
      "time": "12",
      "image": "https://images.blinkist.com/images/books/600187c36cee0700069e4cef/1_1/470.jpg",
      "status": "explore",
      "id": 19
    },
    {
      "id": 20,
      "title": "Forest Bathing",
      "author": "Qing Li",
      "time": "12",
      "category": "Health",
      "image": "https://images.blinkist.com/images/books/60950a3c6cee070007151f86/1_1/470.jpg",
      "status": "explore"
    },
    {
      "id": 21,
      "title": "The Pegan Diet",
      "author": "Dr. Mark Hyman",
      "time": "15",
      "category": "Health",
      "image": "https://images.blinkist.com/images/books/607d9d2c6cee070007991263/1_1/470.jpg",
      "status": "explore"
    },
    {
      "title": "vyshnavi",
      "author": "vyshnavi",
      "category": "Education",
      "time": "12",
      "status": "current",
      "image": "https://images.blinkist.com/images/books/5aa7bb21b238e10007af44aa/1_1/470.jpg",
      "id": 22
    },
    {
      "title": "Preetham",
      "author": "Samantha",
      "category": "Relationships",
      "time": "30",
      "status": "explore",
      "image": "https://images.blinkist.com/images/books/5aa7bb21b238e10007af44aa/1_1/470.jpg",
      "id": 23
    },
    {
      "title": "Sanath",
      "author": "Sanath",
      "category": "Economics",
      "time": "12",
      "status": "explore",
      "image": "https://images.blinkist.com/images/books/5aa7bb21b238e10007af44aa/1_1/470.jpg",
      "id": 24
    }
  ]
}